City
Abhayapuri
Abohar
Abu Road
Acharapakkam
Achalpur
Adilabad
Adityapur
Adoni
Adoor
Adyar
Afzalpur
Agartala
Agra
Ahmedabad
Ahmednagar
Ahmedpur
Aizawl
Ajmer
Akbarpur
Akividu
Akola
Akot
Alagankulam
Alandi
Alandur
Alappuzha
Aliganj
Aligarh
Alipur
Allahabad
Almora
Alwar
Amalner
Amaravati
Ambad
Ambajogai
Ambala
Ambarnath
Ambassa
Ambattur
Ambedkar Nagar
Ambikapur
Ambur
Ameerpet
Amgaon
Amla
Amli
Amravati
Amreli
Amritsar
Amroha
Anand
Anantapur
Anjar
Ankleshwar
Annur
Antarvedi
Arakkonam
Arambagh
Arani
Araria
Arcot
Ariyalur
Arrah
Aruppukkottai
Asansol
Ashok Nagar
Ashtamichira
Aurangabad
Avadi
Avinashi
Ayodhya
Azamgarh
Baberu
Babrala
Bachhraon
Badami
Baddi
Badlapur
Bagaha
Bagalkot
Bagdogra
Bageshwar
Bagha Purana
Baghpat
Baharampur
Baheri
Bahraich
Baihar
Bailhongal
Bajpe
Baksa
Balangir
Balasore
Baldota
Bali
Ballia
Bally
Balod
Balrampur
Bamra
Banaskantha
Bandikui
Bandipore
Banga
Bangalore
Bangarapet
Banki
Bankura
Banswara
Bantwal
Barabanki
Barakar
Baranagar
Barasat
Bardhaman
Bareilly
Bargarh
Barh
Barmer
Barnala
Barshi
Basirhat
Basti
Batala
Bathinda
Beawar
Beed
Begusarai
Behrampur
Belgaum
Bellary
Belonia
Bemetara
Bengaluru
Berhampur
Bettiah
Bhadrak
Bhadravati
Bhagalpur
Bhainsa
Bhalki
Bhalswa Jahangir Pur
Bhandara
Bharatpur
Bharuch
Bhatapara
Bhatkal
Bhatpara
Bhavani
Bhavnagar
Bheemunipatnam
Bhilai
Bhilwara
Bhimavaram
Bhind
Bhiwadi
Bhiwandi
Bhiwani
Bhopal
Bhubaneswar
Bhuj
Bhusawal
Bidar
Bidhan Nagar
Biharsharif
Bijnor
Bikaner
Bilaspur
Bindki
Bijapur
Bobbili
Bodhan
Bokaro
Bongaigaon
Budaun
Bulandshahr
Buldana
Burhanpur
Buxar
Buzurg
Byasanagar
Calicut
Chandigarh
Chandrapur
Chapra
Charkhi Dadri
Chengalpattu
Chennai
Chhapra
Chhindwara
Chidambaram
Chikkaballapur
Chikmagalur
Chintamani
Chiplun
Chirala
Chittoor
Chittorgarh
Chomu
Coimbatore
Coonoor
Cudappah
Cuddalore
Cuttack
Dabra
Dakor
Daman
Damoh
Danapur
Darbhanga
Darjeeling
Dasuya
Davanagere
Deesa
Dehradun
Dehri
Delhi
Deoghar
Deoria
Dewas
Dhanbad
Dhar
Dharampur
Dharamsala
Dharapuram
Dharmapuri
Dharmavaram
Dharwad
Dhule
Dibrugarh
Didwana
Dig
Digha
Dindigul
Dimapur
Diu
Dolphin Hill
Dombivli
Draksharama
Dubrajpur
Dudhi
Dumka
Durg
Durgapur
Eluru
Ernakulam
Erode
Etah
Etawah
Faizabad
Faridabad
Faridkot
Farrukhabad
Fatehabad
Fatehgarh
Fatehpur
Firozabad
Firozpur
Forbesganj
Gadwal
Gadag-Betageri
Gajendragarh
Gandhidham
Gandhinagar
Gangtok
Garhwa
Gaya
Ghaziabad
Ghazipur
Giddalur
Giridih
Goa
Godhra
Gokak
Gokarna
Gonda
Gondia
Gooty
Gopalpur
Gopalganj
Gorakhpur
Gudivada
Gudur
Gulbarga
Gumla
Guna
Guntakal
Guntur
Gurdaspur
Gurgaon
Guwahati
Gwalior
Haflong
Hajipur
Haldwani
Haldia
Hamirpur
Hansi
Hapur
Harda
Hardoi
Haridwar
Hassan
Hathras
Haveri
Hazaribagh
Himatnagar
Hindupur
Hinganghat
Hisar
Hoshangabad
Hoshiarpur
Howrah
Hubli
HubliDharwad
Hugli-Chuchura
Hyderabad
Ichalkaranji
Idar
Imphal
Indore
Itanagar
Jabbalpur
Jabalpur
Jagdalpur
Jagraon
Jaipur
Jaisalmer
Jalandhar
Jalgaon
Jalna
Jalpaiguri
Jamalpur
Jammu
Jamnagar
Jamshedpur
Jamtara
Jangipur
Jashpur
Jaunpur
Jehanabad
Jhabua
Jhajjar
Jhansi
Jhargram
Jharsuguda
Jhunjhunu
Jind
Jodhpur
Jorhat
Junagadh
Kadapa
Kagaznagar
Kaikalur
Kaithal
Kakinada
Kalahandi
Kalimpong
Kalyan
Kalyan-Dombivli
Kamareddy
Kamarhati
Kanchipuram
Kandukur
Kangra
Kannauj
Kanpur
Kanyakumari
Kapurthala
Karad
Karaikal
Karaikudi
Karauli
Karawal Nagar
Kargil
Karimnagar
Karnal
Karur
Kasaragod
Katihar
Katni
Kavali
Kehragarh
Kendrapara
Keonjhar
Kerala
Khadki
Khagaria
Khammam
Khandwa
Khanna
Kharagpur
Khargone
Kheda
Khopoli
Khora
Kirari Suleman Nagar
Kishangarh
Kishanganj
Kittur
Kochi
Kodaikanal
Kodungallur
Kohima
Kokrajhar
Kolar
Kolhapur
Kolkata
Kollam
Komaram Bheem
Kondagaon
Konnagar
Koraput
Korba
Kota
Kothagudem
Kottayam
Kozhikode
Krishnanagar
Kudal
Kulti
Kumbakonam
Kurnool
Kurukshetra
Ladakh
Lakhimpur
Lakhisarai
Lakshadweep
Lalitpur
Latur
Leh
Loni
Lucknow
Ludhiana
Machilipatnam
Madanapalle
Madgaon
Madhubani
Madhyamgram
Madurai
Mahabaleshwar
Mahabubnagar
Mahad
Mahasamund
Mahbubnagar
Maheshtala
Mahesana
Mahoba
Maihar
Malappuram
Malda
Malegaon
Malkangiri
Malout
Mamit
Manali
Mananthavady
Mandapeta
Mandi
Mandla
Mandya
Mangalore
Mango
Manipur
Mankachar
Mansa
Margao
Mathura
Mau
Mayurbhanj
Medak
Meerut
Mehsana
Miraj
Mira-Bhayandar
Miryalaguda
Mirzapur
Moga
Mohali
Mokama
Moradabad
Morbi
Morena
Morigaon
Morvi
Motihari
Muddebihal
Muktsar
Mumbai
Munger
Murshidabad
Murwara
Mussoorie
Muzaffarnagar
Muzaffarpur
Mysore
Nabadwip
Nabarangpur
Nadiad
Nagarcoil
Nagaon
Nagapattinam
Nagaur
Nagda
Nagpur
Naihati
Nainital
Nalanda
Nalbari
Nalgonda
Namakkal
Nanded
Nandurbar
Nandyal
Nangloi Jat
Narasaraopet
Narasapur
Narnaul
Narsinghpur
Nashik
Nasirabad
Navi Mumbai
Navsari
Nawada
Nayagarh
Neemuch
Nellore
New Delhi
Nizamabad
Noida
North Dumdum
North Lakhimpur
Ongole
Ooty
Orai
Osmanabad
Ozhukarai
Padrauna
Pahalgam
Palampur
Palani
Palanpur
Palayamkottai
Palghar
Pali
Palitana
Pallavaram
Panaji
Panchkula
Panchmahal
Pandharpur
Panihati
Panipat
Panna
Panvel
Parbhani
Pasighat
Patan
Pathankot
Patiala
Patna
Pauri
Pavagada
Pehowa
Perintalmanna
Phagwara
Phaltan
Pilibhit
Pimpri
Pimpri-Chinchwad
Pithampur
Pollachi
Pondicherry
Poonamallee
Porbandar
Port Blair
Prayagraj
Proddatur
Puducherry
Pudukkottai
Pune
Puri
Purnia
Puttur
Rae Bareli
Raebareli
Raichur
Raigarh
Raiganj
Raipur
Rajahmundry
Rajam
Rajapalayam
Rajgarh
Rajkot
Rajnandgaon
Rajpur Sonarpur
Rajpura
Ramagundam
Ramgarh
Rampur
Ranchi
Rangpo
Rani
Ranibennur
Ratlam
Ratnagiri
Raurkela Industrial Township
Rayagada
Reasi
Rewa
Rishikesh
Rohtak
Roorki
Rourkela
Rudrapur
Sagar
Saharanpur
Saharsa
Sahebganj
Saiha
Salem
Sambalpur
Sambhal
Sangli
Sangli-Miraj & Kupwad
Sangrur
Sankeshwar
Sasaram
Satara
Satna
Secunderabad
Seoni
Serampore
Shahdol
Shahjahanpur
Shimla
Shimoga
Shivamogga
Shivpuri
Sikar
Siliguri
Silvassa
Singrauli
Sirsa
Sitamarhi
Sitapur
Siwan
Solapur
Sonipat
South Dumdum
Sri Ganganagar
Srikakulam
Srinagar
Sujangarh
Sultan Pur Majra
Sultanpur
Sunam
Supaul
Surat
Surendranagar
Surendranagar Dudhrej
Suryapet
Tadepalligudem
Tadipatri
Talcher
Tamluk
Tanuku
Tenali
Tezpur
Thane
Thanjavur
Thiruvananthapuram
Thoothukudi
Thrissur
Tiruchirappalli
Tirunelveli
Tirupati
Tiruppur
Tirur
Tiruvallur
Tiruvottiyur
Tonk
Tumkur
Tuticorin
Udaipur
Udgir
Udupi
Ujjain
Ulhasnagar
Uluberia
Umaria
Una
Unnao
Uttarkashi
Vadodara
Valsad
Vapi
Varanasi
Vasai-Virar
Vellore
Vidisha
Vijayawada
Vijayanagaram
Vikarabad
Virudhunagar
Visakhapatnam
Vizianagaram
Warangal
Wardha
Washim
Yamunanagar
Yavatmal
Yelahanka
Zeradei